event_id,zone_id,latitude,longitude,cluster_label,acoustic_risk,animal_density_score
evt_b5327a99,ZONE_A03,-2.34352,35.07467,0,0.31,30
evt_70958d6e,ZONE_A02,-2.31129,34.77887,-1,0.24,23
evt_859a8c39,ZONE_B04,-2.2573,35.18943,-1,0.34,36
evt_0ab09bbb,ZONE_D02,-1.79126,34.73916,1,0.38,41
evt_e3020270,ZONE_D02,-1.84804,34.72427,1,0.35,25
evt_886c9be0,ZONE_B02,-2.26275,34.8254,-1,0.4,31
evt_d255757f,ZONE_D02,-1.80023,34.72146,1,0.37,30
evt_06d976c3,ZONE_B04,-2.29134,35.11927,0,0.27,21
evt_8b786e38,ZONE_D02,-1.77772,34.72691,1,0.36,27
evt_4f5ae722,ZONE_E02,-1.61964,34.73669,-1,0.31,34
evt_42a53faf,ZONE_A03,-2.33283,35.06105,0,0.36,28
evt_9fede94e,ZONE_B04,-2.2832,35.12472,0,0.47,29
evt_547ca49c,ZONE_A04,-2.3259,35.14464,0,0.32,33
evt_4c652612,ZONE_B04,-2.28984,35.10248,0,0.42,27
evt_1895e36f,ZONE_B03,-2.28999,34.99146,0,0.28,19
evt_495eaa6d,ZONE_A03,-2.31031,34.9861,0,0.45,22
evt_28cfca4d,ZONE_B02,-2.295,34.87923,-1,0.33,20
evt_a822ac70,ZONE_E01,-1.67487,34.6864,-1,0.44,20
evt_53f9c7c6,ZONE_B04,-2.28749,35.14029,0,0.44,21
evt_035f4df6,ZONE_A04,-2.30259,35.19205,0,0.5,12
evt_9307e8c6,ZONE_B04,-2.29193,35.13877,0,0.36,21
evt_322c7ede,ZONE_B01,-2.29486,34.69069,-1,0.42,24
evt_e83b7e7a,ZONE_B04,-2.28484,35.15833,0,0.47,30
evt_1ac9dbd0,ZONE_A04,-2.31284,35.15121,0,0.33,25
evt_62cc88f2,ZONE_B03,-2.27034,35.08452,0,0.3,35
evt_78de56f6,ZONE_B01,-2.24211,34.63936,-1,0.29,35
evt_ebeb69cc,ZONE_B04,-2.26838,35.14863,0,0.31,34
evt_14a682c5,ZONE_A03,-2.31539,35.06706,0,0.46,24
evt_dc7a1616,ZONE_D01,-1.80398,34.6539,-1,0.32,38
evt_b671102d,ZONE_B02,-2.27556,34.72382,-1,0.39,24
evt_ac4cd07e,ZONE_B04,-2.26773,35.20816,-1,0.19,36
evt_8c25a152,ZONE_A04,-2.36556,35.15992,-1,0.3,38
evt_13d4b7ba,ZONE_B04,-2.28878,35.15235,0,0.43,23
evt_b0880310,ZONE_A05,-2.31902,35.35439,-1,0.42,24
evt_fa8f7502,ZONE_A03,-2.31,35.05762,0,0.4,25
evt_9173bd39,ZONE_A01,-2.46066,34.62211,-1,0.23,36
evt_40457f15,ZONE_B04,-2.28995,35.15253,0,0.53,19
evt_67f506ca,ZONE_D01,-1.70022,34.68459,-1,0.43,26
evt_99e98145,ZONE_A04,-2.32605,35.11027,0,0.16,26
evt_044c75d9,ZONE_B04,-2.27208,35.1038,0,0.4,29
evt_b3d561ac,ZONE_A03,-2.3341,35.04128,0,0.37,35
evt_30c8ea92,ZONE_B04,-2.29564,35.1354,0,0.33,12
evt_cdd53b90,ZONE_A03,-2.33443,35.09687,0,0.17,32
evt_9f635471,ZONE_B02,-2.11806,34.70569,-1,0.43,19
evt_0bf2e4cf,ZONE_C01,-2.01161,34.65068,-1,0.28,34
evt_21b6f2fa,ZONE_B04,-2.26204,35.12919,0,0.23,33
evt_521ed0b1,ZONE_E02,-1.51803,34.70984,-1,0.31,16
evt_b93f5275,ZONE_B03,-2.29296,35.01158,0,0.36,22
evt_6713e8d5,ZONE_A03,-2.31674,35.07982,0,0.44,28
evt_f700a1f2,ZONE_B04,-2.2965,35.15809,0,0.44,13
evt_6be9dec1,ZONE_D02,-1.81038,34.7125,1,0.5,28
evt_3b92d311,ZONE_D01,-1.81101,34.69661,1,0.55,18
evt_0bc1a1b0,ZONE_A03,-2.30442,35.0815,0,0.41,18
evt_158eb9c3,ZONE_A03,-2.34191,35.07782,0,0.22,33
evt_5076eab6,ZONE_B04,-2.28671,35.18846,-1,0.23,28
evt_9b3a63b7,ZONE_A03,-2.30623,35.04137,0,0.37,24
evt_867c2bf3,ZONE_A05,-2.37708,35.38866,-1,0.22,37
evt_d0d4d39b,ZONE_B03,-2.24863,35.06681,0,0.4,29
evt_66c70388,ZONE_B04,-2.2844,35.1075,0,0.44,25
evt_87db9e83,ZONE_B04,-2.29502,35.22563,2,0.26,25
evt_b1a13232,ZONE_D01,-1.75527,34.69417,-1,0.49,22
evt_f720915b,ZONE_B02,-2.24719,34.77144,-1,0.29,30
evt_d77331ba,ZONE_D02,-1.8645,34.71003,1,0.44,23
evt_d37543ea,ZONE_A02,-2.47933,34.76902,-1,0.37,39
evt_dee0afb6,ZONE_D02,-1.76748,34.72485,1,0.4,34
evt_4642d351,ZONE_D01,-1.79151,34.67209,1,0.39,31
evt_730de41d,ZONE_B04,-2.271,35.15055,0,0.45,36
evt_5bc553cb,ZONE_A03,-2.32515,35.0375,0,0.35,31
evt_9d593315,ZONE_A04,-2.31146,35.17246,0,0.32,18
evt_8272e09a,ZONE_B03,-2.27083,35.04688,0,0.3,26
evt_ba1993a8,ZONE_D02,-1.79913,34.70402,1,0.44,22
evt_25fd222f,ZONE_A04,-2.30783,35.16542,0,0.45,25
evt_cda8ebcd,ZONE_A02,-2.34939,34.71723,-1,0.35,23
evt_831150fb,ZONE_B03,-2.28252,35.02176,0,0.37,24
evt_3d49fd55,ZONE_A04,-2.31777,35.17103,0,0.42,30
evt_d04265ba,ZONE_A04,-2.33237,35.11095,0,0.34,28
evt_731b975a,ZONE_A02,-2.43347,34.73079,-1,0.36,32
evt_dabd715b,ZONE_D02,-1.88369,34.74629,-1,0.32,36
evt_2cd754ec,ZONE_D02,-1.80155,34.75452,1,0.39,43
evt_1a389a42,ZONE_B04,-2.27852,35.16826,0,0.45,27
evt_e4fdd151,ZONE_B02,-2.18812,34.83997,-1,0.33,38
evt_f6361aaa,ZONE_B04,-2.28403,35.10647,0,0.24,26
evt_8f4d1025,ZONE_B01,-2.2853,34.56723,-1,0.47,23
evt_761e8e60,ZONE_B05,-2.27694,35.37311,-1,0.46,30
evt_24ba821f,ZONE_A04,-2.33489,35.13786,0,0.29,30
evt_793c95cf,ZONE_A03,-2.323,35.05237,0,0.18,30
evt_144939f7,ZONE_C02,-1.9558,34.77524,-1,0.33,40
evt_d85eefc0,ZONE_D02,-1.84405,34.76439,-1,0.41,37
evt_72d2faa2,ZONE_B04,-2.26838,35.1145,0,0.3,33
evt_792b4263,ZONE_B04,-2.29066,35.12363,0,0.49,22
evt_1e0efbe5,ZONE_E01,-1.66463,34.69689,-1,0.34,10
evt_80f1a671,ZONE_A01,-2.33393,34.55911,-1,0.42,35
evt_d1de9b1a,ZONE_A01,-2.33013,34.55542,-1,0.33,32
evt_38578a74,ZONE_B04,-2.29738,35.12454,0,0.5,22
evt_a77f0c41,ZONE_C03,-1.93896,34.95616,-1,0.25,37
evt_6b284e62,ZONE_A03,-2.32559,34.97165,3,0.39,29
evt_9791fecd,ZONE_D02,-1.70369,34.74761,-1,0.35,39
evt_dbaacce5,ZONE_B03,-2.28926,35.07191,0,0.43,20
evt_4a52c2f1,ZONE_B04,-2.28133,35.13152,0,0.38,25
evt_e50fb7e9,ZONE_B03,-2.28613,35.09889,0,0.47,28
evt_cd4e8c1a,ZONE_A02,-2.30078,34.78418,-1,0.46,11
evt_6f72c120,ZONE_A03,-2.30573,34.9472,-1,0.57,18
evt_fad12c5e,ZONE_B01,-2.27949,34.68596,-1,0.45,21
evt_5655e7aa,ZONE_B02,-2.2901,34.76092,-1,0.47,17
evt_acea5ccb,ZONE_B03,-2.26686,35.05964,0,0.13,28
evt_2abc6668,ZONE_D02,-1.80043,34.70055,1,0.49,20
evt_071d67cd,ZONE_A05,-2.30966,35.41722,-1,0.5,24
evt_e784a119,ZONE_D02,-1.8898,34.76694,-1,0.32,40
evt_d0819b63,ZONE_B04,-2.29753,35.13844,0,0.56,20
evt_13097450,ZONE_D02,-1.79584,34.72399,1,0.46,36
evt_2398ad7e,ZONE_A04,-2.34404,35.18994,-1,0.27,32
evt_31449c72,ZONE_B03,-2.29733,35.03433,0,0.32,16
evt_bd58e901,ZONE_A04,-2.33969,35.10747,0,0.28,31
evt_8ce19caf,ZONE_B02,-2.10709,34.75871,-1,0.4,33
evt_a224a6ce,ZONE_C02,-2.05656,34.821,-1,0.36,32
evt_90d973ca,ZONE_A03,-2.32584,35.04688,0,0.37,24
evt_552f293b,ZONE_A04,-2.31773,35.23157,2,0.39,31
evt_4fc1c123,ZONE_B03,-2.24133,35.08637,0,0.33,38
evt_4ded9d0d,ZONE_D02,-1.88612,34.70334,-1,0.51,14
evt_a86f4ef1,ZONE_E02,-1.54717,34.73933,-1,0.35,36
evt_2fde776e,ZONE_D02,-1.84437,34.83859,-1,0.4,43
evt_de42d2db,ZONE_C02,-1.91157,34.71076,-1,0.5,20
evt_64a44a18,ZONE_B03,-2.27384,35.03898,0,0.34,29
evt_fe13a6ac,ZONE_B03,-2.26555,35.07407,0,0.24,33
evt_036c0803,ZONE_D01,-1.83267,34.62558,-1,0.41,37
evt_a5000f0d,ZONE_B03,-2.29598,35.06706,0,0.54,22
evt_494907f2,ZONE_B01,-2.20964,34.58201,-1,0.41,37
evt_1774e216,ZONE_A04,-2.31654,35.10013,0,0.26,28
evt_a88f40ab,ZONE_C01,-1.99649,34.56011,-1,0.39,33
evt_e1b3b192,ZONE_B04,-2.26453,35.10097,0,0.2,33
evt_7e2bae4c,ZONE_B02,-2.14339,34.7614,-1,0.41,36
evt_9384690a,ZONE_B04,-2.29838,35.14028,0,0.43,15
evt_271d2912,ZONE_B04,-2.27602,35.13645,0,0.24,32
evt_9506fd30,ZONE_B04,-2.29556,35.11158,0,0.42,19
evt_740904b8,ZONE_A01,-2.34802,34.63032,-1,0.39,36
evt_85cc7eb1,ZONE_D02,-1.73184,34.78482,-1,0.31,35
evt_55e99e1c,ZONE_B04,-2.29313,35.17045,0,0.53,22
evt_3f0e9d77,ZONE_B03,-2.28291,35.097,0,0.39,23
evt_c85a5563,ZONE_A04,-2.3126,35.1336,0,0.49,24
evt_6d7f4251,ZONE_E01,-1.50319,34.65368,-1,0.14,35
evt_c718bc07,ZONE_B04,-2.24069,35.17702,-1,0.38,39
evt_29837f98,ZONE_D02,-1.82958,34.75123,1,0.36,43
evt_37ee17d7,ZONE_C01,-1.91607,34.58243,-1,0.19,32
evt_34f7c9db,ZONE_A03,-2.3202,35.06015,0,0.43,25
evt_64305a7d,ZONE_D02,-1.78308,34.75037,1,0.31,44
evt_10861a8c,ZONE_B04,-2.29621,35.13113,0,0.45,14
evt_2e60ec78,ZONE_B04,-2.28539,35.13776,0,0.39,24
evt_aa936fa6,ZONE_D02,-1.78975,34.71883,1,0.44,26
evt_446a0904,ZONE_C01,-2.05614,34.68802,-1,0.51,20
evt_cef2decb,ZONE_A03,-2.35152,35.0543,0,0.37,30
evt_024e850f,ZONE_D01,-1.73939,34.66821,-1,0.39,36
evt_2fd6f12a,ZONE_A05,-2.30489,35.39261,-1,0.32,15
evt_4292dbd9,ZONE_D02,-1.77956,34.7259,1,0.41,29
evt_3a1abd74,ZONE_B04,-2.29159,35.1474,0,0.5,22
evt_c7ec0329,ZONE_E01,-1.69206,34.68985,-1,0.39,22
evt_908aaf7d,ZONE_A03,-2.35198,35.09918,0,0.3,31
evt_60a4f6b3,ZONE_B03,-2.28556,35.09791,0,0.49,28
evt_550f395f,ZONE_E02,-1.661,34.7481,-1,0.39,33
evt_1ab1dcf6,ZONE_A03,-2.37085,35.01658,-1,0.27,32
evt_4939b77c,ZONE_E01,-1.53722,34.62666,-1,0.33,34
evt_3cbb8e3c,ZONE_B03,-2.26122,35.08497,0,0.33,31
evt_a6781103,ZONE_B03,-2.25712,35.01337,0,0.38,36
evt_d34aa8be,ZONE_D02,-1.80298,34.71492,1,0.39,21
evt_2e872a47,ZONE_C03,-2.03607,35.02738,-1,0.24,35
evt_db23766f,ZONE_A03,-2.3023,35.08032,0,0.3,24
evt_4327012d,ZONE_C01,-2.05601,34.67471,-1,0.39,29
evt_48f4597c,ZONE_A04,-2.32875,35.15578,0,0.4,28
evt_67155164,ZONE_A03,-2.30405,35.09397,0,0.4,19
evt_19e4cc67,ZONE_D02,-1.83428,34.71374,1,0.36,29
evt_2fd8dd6b,ZONE_C01,-2.07532,34.65296,-1,0.32,34
evt_680e0b6b,ZONE_A03,-2.30979,35.08837,0,0.46,25
evt_8708957c,ZONE_A03,-2.32892,35.09613,0,0.36,25
evt_e2845f74,ZONE_D02,-1.78365,34.72426,1,0.41,29
evt_00daa17c,ZONE_B04,-2.29273,35.16986,0,0.48,21
evt_6401d8f2,ZONE_A04,-2.35071,35.15239,-1,0.2,33
evt_38b33410,ZONE_A04,-2.31899,35.17992,0,0.45,30
evt_44902907,ZONE_A03,-2.3145,34.95926,3,0.44,24
evt_f4aca9f4,ZONE_B04,-2.2993,35.12819,0,0.41,11
evt_8088e43b,ZONE_B04,-2.26624,35.10702,0,0.34,33
evt_16e9a38f,ZONE_B02,-2.27311,34.81083,-1,0.31,31
evt_656e4f4e,ZONE_D02,-1.81736,34.75196,1,0.17,37
evt_7252e36c,ZONE_B04,-2.28942,35.19838,-1,0.5,25
evt_6776276e,ZONE_C01,-2.08075,34.69399,-1,0.45,23
evt_ed6fd965,ZONE_A03,-2.33028,35.0984,0,0.34,32
evt_5f025045,ZONE_B03,-2.29526,35.07508,0,0.37,16
evt_48b55fa3,ZONE_C02,-1.91782,34.74882,-1,0.27,30
evt_434d6cec,ZONE_A04,-2.34368,35.17722,0,0.39,35
evt_f9cc36f9,ZONE_C02,-1.90264,34.74096,-1,0.34,31
evt_6f45afca,ZONE_A04,-2.32801,35.13952,0,0.34,28
evt_7c12d507,ZONE_A04,-2.31147,35.10749,0,0.48,24
evt_24983310,ZONE_B03,-2.26609,35.08145,0,0.43,32
evt_3a1f50f4,ZONE_A02,-2.31596,34.79593,-1,0.43,23
evt_0a10d3b1,ZONE_B03,-2.29236,35.06149,0,0.44,21
evt_f2dda610,ZONE_D02,-1.78235,34.71369,1,0.46,27
evt_01844cc4,ZONE_A04,-2.3004,35.10451,0,0.31,20
evt_43964c47,ZONE_A05,-2.33597,35.45552,-1,0.21,34
evt_6e59ed9f,ZONE_D02,-1.77675,34.70866,1,0.52,20
evt_8ca28b59,ZONE_D02,-1.77725,34.80121,-1,0.35,61
evt_0409798f,ZONE_A03,-2.30946,35.09568,0,0.33,24
evt_2f9cb1ac,ZONE_B04,-2.25588,35.15137,0,0.43,39
evt_a7e5080b,ZONE_B03,-2.2942,35.09337,0,0.54,18
evt_07e03eb2,ZONE_D02,-1.81889,34.71494,1,0.36,31
evt_9e06bc8b,ZONE_D02,-1.70751,34.7528,-1,0.18,38
evt_62bf52c2,ZONE_B03,-2.26777,35.07148,0,0.39,28
evt_b6bd157a,ZONE_B04,-2.27313,35.29529,-1,0.28,35
evt_2d9ad1c5,ZONE_A03,-2.30976,35.0637,0,0.45,21
evt_e50020d7,ZONE_A03,-2.30054,35.08601,0,0.55,16
evt_5d8379fc,ZONE_A04,-2.31419,35.15952,0,0.37,23
evt_51b7f4c7,ZONE_B04,-2.28864,35.10434,0,0.37,20
evt_0fd3bf37,ZONE_B03,-2.26604,35.06449,0,0.22,28
evt_16a09ae5,ZONE_D02,-1.7721,34.70563,1,0.47,16
evt_a660209b,ZONE_B04,-2.28092,35.15121,0,0.49,32
evt_86297079,ZONE_A04,-2.32183,35.15358,0,0.46,26
evt_af7d6006,ZONE_D02,-1.73712,34.77333,-1,0.35,42
evt_00232277,ZONE_B04,-2.29014,35.10938,0,0.39,24
evt_ff0bc9c4,ZONE_B04,-2.27512,35.13519,0,0.4,27
evt_1f036ccb,ZONE_A04,-2.30739,35.15355,0,0.37,20
evt_1ad69abe,ZONE_B01,-2.29116,34.69679,-1,0.56,14
evt_857b816e,ZONE_A03,-2.31056,35.0589,0,0.39,23
evt_5d3519b4,ZONE_A03,-2.32447,34.96274,3,0.18,32
evt_9e9d5bb9,ZONE_A03,-2.34374,35.03553,0,0.36,31
evt_413096bd,ZONE_A03,-2.33055,35.08065,0,0.3,34
evt_c8378ad4,ZONE_D01,-1.85733,34.68189,-1,0.34,29
evt_6784677e,ZONE_B03,-2.26369,34.99331,0,0.31,29
evt_44ef29fc,ZONE_B03,-2.29694,35.09618,0,0.55,19
evt_183aa9ae,ZONE_B04,-2.28358,35.16126,0,0.24,28
evt_8dd026f3,ZONE_C04,-2.06988,35.19107,-1,0.31,34
evt_97472666,ZONE_D01,-1.84958,34.6711,-1,0.39,34
evt_79c4eb8f,ZONE_B04,-2.25149,35.11324,0,0.19,31
evt_d78235fb,ZONE_A01,-2.30054,34.56077,-1,0.59,14
evt_70e78384,ZONE_B04,-2.27798,35.10317,0,0.39,31
evt_bed1c237,ZONE_A04,-2.33915,35.13266,0,0.41,32
evt_43055ff5,ZONE_B04,-2.29307,35.12491,0,0.49,21
evt_da91710a,ZONE_B01,-2.22708,34.66966,-1,0.35,29
evt_a3f17d94,ZONE_A03,-2.32254,34.99991,0,0.45,29
evt_8100e5e8,ZONE_A05,-2.43351,35.45305,-1,0.2,31
evt_f3793a4d,ZONE_B04,-2.29283,35.12877,0,0.41,20
evt_d975c703,ZONE_A03,-2.35973,35.03765,0,0.32,39
evt_afd41337,ZONE_B01,-2.16392,34.66978,-1,0.43,28
evt_0b7db0eb,ZONE_D02,-1.75561,34.72085,1,0.41,31
evt_d368dcf0,ZONE_D01,-1.79614,34.67813,1,0.39,28
evt_cda6adb5,ZONE_A02,-2.33258,34.76554,-1,0.34,29
evt_1c481879,ZONE_A01,-2.34036,34.52859,-1,0.31,37
evt_88bc87eb,ZONE_C03,-2.04784,35.01488,-1,0.28,35
evt_1f434f38,ZONE_E02,-1.55703,34.71186,-1,0.47,18
evt_b0d00e20,ZONE_B03,-2.24223,34.95884,-1,0.33,35
evt_66b0d890,ZONE_A03,-2.31495,35.05612,0,0.39,28
evt_ed055cb9,ZONE_B03,-2.22811,35.00978,-1,0.34,32
evt_80754875,ZONE_A04,-2.34833,35.12627,0,0.19,32
evt_af859483,ZONE_A04,-2.30596,35.12105,0,0.39,23
evt_766b9027,ZONE_A03,-2.33941,35.0471,0,0.32,32
evt_d9124261,ZONE_B04,-2.25006,35.15915,0,0.36,38
evt_737ae792,ZONE_B05,-2.25133,35.33639,-1,0.38,34
evt_a6a4a617,ZONE_D02,-1.71389,34.72486,1,0.36,34
evt_389a4784,ZONE_C01,-2.04878,34.64909,-1,0.28,32
evt_5b78f886,ZONE_B04,-2.27842,35.11493,0,0.35,28
evt_4afc4613,ZONE_A04,-2.31384,35.11788,0,0.29,20
evt_1deee171,ZONE_A03,-2.33036,35.02629,0,0.23,26
evt_7cb2d542,ZONE_B03,-2.28093,34.99832,0,0.21,23
evt_bf08e830,ZONE_A03,-2.3434,35.07737,0,0.34,31
evt_b8553499,ZONE_D02,-1.85041,34.71808,1,0.48,24
evt_54debdd6,ZONE_A04,-2.3147,35.11003,0,0.38,20
evt_ca9c8460,ZONE_B03,-2.28903,35.00393,0,0.33,24
evt_63fe318d,ZONE_B03,-2.24866,35.08688,0,0.31,33
evt_edd7506f,ZONE_A04,-2.31317,35.11966,0,0.36,24
evt_73de5bb0,ZONE_D02,-1.75968,34.76777,4,0.16,42
evt_e7a7e82c,ZONE_B04,-2.28145,35.1255,0,0.44,25
evt_638d4b58,ZONE_B03,-2.27297,35.05339,0,0.4,33
evt_214dc5cf,ZONE_A03,-2.34852,34.90059,-1,0.38,36
evt_5d57e0d3,ZONE_D01,-1.76593,34.69285,1,0.46,20
evt_f1bb5997,ZONE_B04,-2.29595,35.10564,0,0.5,18
evt_cd965cb3,ZONE_B01,-2.25628,34.52234,-1,0.39,32
evt_5897d524,ZONE_B03,-2.29765,35.07016,0,0.43,11
evt_1d1da5a1,ZONE_B02,-2.24809,34.89529,-1,0.35,38
evt_a838d9fd,ZONE_A04,-2.44461,35.11636,-1,0.14,38
evt_ece5999f,ZONE_B02,-2.10675,34.71723,-1,0.23,26
evt_4a05107e,ZONE_B04,-2.28795,35.1302,0,0.48,18
evt_25c5e057,ZONE_A01,-2.40636,34.68231,-1,0.35,30
evt_adc8927a,ZONE_A01,-2.33212,34.50967,-1,0.39,26
evt_2f5eec3a,ZONE_D02,-1.82858,34.88364,-1,0.35,36
evt_ab070fd7,ZONE_A03,-2.31834,35.08266,0,0.47,28
evt_3bb10828,ZONE_A03,-2.30747,35.02405,0,0.33,24
evt_9a33c7a9,ZONE_E02,-1.56517,34.75674,-1,0.34,30
evt_586f202e,ZONE_B02,-2.17528,34.71693,-1,0.4,24
evt_dd357401,ZONE_A04,-2.31615,35.14153,0,0.4,26
evt_b2047dab,ZONE_B03,-2.25703,35.09091,0,0.39,36
evt_e3a70180,ZONE_A03,-2.3029,35.04199,0,0.42,21
evt_84505772,ZONE_A02,-2.32836,34.71196,-1,0.45,25
evt_e2a791d7,ZONE_A03,-2.32514,35.03726,0,0.4,26
evt_5f726ece,ZONE_B04,-2.29473,35.12902,0,0.44,14
evt_f5c8d045,ZONE_A04,-2.31713,35.13344,0,0.38,24
evt_4de0bfd5,ZONE_A04,-2.40684,35.11613,-1,0.38,37
evt_4e06c4ed,ZONE_D01,-1.78251,34.67647,1,0.19,24
evt_dbd2bee2,ZONE_D02,-1.81093,34.71473,1,0.44,26
evt_ef19746d,ZONE_D02,-1.80874,34.73768,1,0.27,29
evt_8df183a7,ZONE_D02,-1.75763,34.77809,4,0.34,31
evt_804cfc3f,ZONE_B03,-2.28701,35.02116,0,0.4,28
evt_f039a62b,ZONE_A05,-2.33912,35.43031,-1,0.3,31
evt_be5c0114,ZONE_D01,-1.78024,34.57741,-1,0.23,33
evt_62df7233,ZONE_D02,-1.77657,34.77305,4,0.38,33
evt_a85c1c0d,ZONE_B02,-2.26583,34.87127,-1,0.17,33
evt_6f1f70ae,ZONE_C01,-2.05005,34.62235,-1,0.41,36
evt_ef02585e,ZONE_B04,-2.29208,35.14973,0,0.51,23
evt_454afc59,ZONE_B03,-2.27865,35.07049,0,0.43,31
evt_d120ece2,ZONE_B03,-2.26971,35.05757,0,0.36,32
evt_71d0bb4a,ZONE_B04,-2.2835,35.10329,0,0.36,25
evt_54c2b6b1,ZONE_B04,-2.2623,35.13615,0,0.35,36
evt_5a164b53,ZONE_A05,-2.35132,35.36783,-1,0.34,29
evt_13af0648,ZONE_A05,-2.32725,35.35263,-1,0.44,29
evt_60b33097,ZONE_B03,-2.29353,35.08787,0,0.49,21
evt_c8ad5619,ZONE_C02,-1.95978,34.78692,-1,0.2,31
evt_f6a01f7b,ZONE_B03,-2.2826,35.03172,0,0.22,22
evt_e2fed0ee,ZONE_A03,-2.3134,35.05629,0,0.4,20
evt_e0d0c7fd,ZONE_B04,-2.25335,35.19148,-1,0.27,38
evt_4e1371b4,ZONE_B03,-2.23254,35.01359,-1,0.25,38
evt_16f54372,ZONE_D02,-1.86596,34.70343,-1,0.5,15
evt_2b9d5d26,ZONE_E02,-1.62369,34.77222,-1,0.34,33
evt_eeb150a2,ZONE_A03,-2.31462,35.04819,0,0.42,24
evt_3e072546,ZONE_D01,-1.82972,34.66178,-1,0.34,33
evt_fd80bdc0,ZONE_B01,-2.13457,34.68164,-1,0.37,25
evt_b076d346,ZONE_B04,-2.29175,35.1566,0,0.25,19
evt_53271b84,ZONE_B04,-2.27658,35.10764,0,0.41,29
evt_01242809,ZONE_D02,-1.85729,34.7379,1,0.35,30
evt_ea248192,ZONE_E02,-1.5538,34.707,-1,0.39,17
evt_c5edc6ac,ZONE_A04,-2.31592,35.1008,0,0.47,31
evt_14aeef1a,ZONE_D02,-1.81663,34.75187,1,0.34,31
evt_e1c18b57,ZONE_E02,-1.65403,34.70641,-1,0.5,22
evt_62aad5e3,ZONE_B03,-2.2839,35.07675,0,0.45,22
evt_7b4e3168,ZONE_A01,-2.30435,34.66181,-1,0.42,13
evt_425ade0c,ZONE_D02,-1.82045,34.72353,1,0.34,25
evt_d03e1e9f,ZONE_D02,-1.77295,34.72736,1,0.33,31
evt_d9297810,ZONE_A03,-2.30567,35.04992,0,0.35,21
evt_6a7f7771,ZONE_A02,-2.3496,34.88774,-1,0.26,31
evt_cd193cc3,ZONE_D02,-1.73901,34.72091,1,0.41,32
evt_80017129,ZONE_B01,-2.13822,34.68637,-1,0.41,21
evt_efba2905,ZONE_A04,-2.31512,35.14788,0,0.2,24
evt_7aa7cd5d,ZONE_A03,-2.30181,35.08568,0,0.5,19
evt_2e1a0b42,ZONE_A04,-2.30895,35.15016,0,0.46,22
evt_2407832b,ZONE_A03,-2.31338,35.0119,0,0.5,27
evt_1492c67b,ZONE_D02,-1.81265,34.76963,1,0.39,41
evt_0d0d17e8,ZONE_A02,-2.32937,34.71975,-1,0.42,30
evt_e347f55b,ZONE_D02,-1.84318,34.71714,1,0.43,25
evt_a0c259ae,ZONE_A02,-2.49033,34.72025,-1,0.41,28
evt_5472a586,ZONE_A03,-2.30518,35.08757,0,0.36,14
evt_3918fca1,ZONE_A04,-2.30278,35.11815,0,0.34,21
evt_02fd0f6a,ZONE_A02,-2.32553,34.73669,-1,0.36,29
evt_cd402d43,ZONE_D02,-1.86335,34.71034,1,0.52,25
evt_1bf784c7,ZONE_A02,-2.31186,34.719,-1,0.31,19
evt_af383cc5,ZONE_C01,-2.00852,34.69603,-1,0.57,19
evt_24ffae17,ZONE_E01,-1.56343,34.68781,-1,0.47,21
evt_b6889e40,ZONE_B02,-2.27467,34.71713,-1,0.4,22
evt_ceebb17a,ZONE_D02,-1.84373,34.72118,1,0.39,23
evt_ea1f6d9e,ZONE_B03,-2.22008,35.01657,-1,0.38,38
evt_111faffd,ZONE_A05,-2.32593,35.39249,-1,0.36,27
evt_c16a2c66,ZONE_D02,-1.83894,34.77452,-1,0.15,30
evt_32b4c6ac,ZONE_A04,-2.35401,35.18086,-1,0.31,37
evt_04dd9430,ZONE_D02,-1.85773,34.74005,1,0.38,30
evt_535ab0b7,ZONE_A03,-2.31519,35.08912,0,0.49,23
evt_acad6a8b,ZONE_A03,-2.35286,35.05596,0,0.15,36
evt_2eeb85d7,ZONE_A04,-2.32338,35.10586,0,0.37,24
evt_7ebdfb56,ZONE_A05,-2.3823,35.4464,-1,0.27,35
evt_a8a963f8,ZONE_B04,-2.28693,35.13853,0,0.46,23
evt_cb0eab2b,ZONE_B05,-2.26016,35.36234,-1,0.3,32
evt_90fcd517,ZONE_A04,-2.31795,35.2172,2,0.45,21
evt_7e1678e7,ZONE_B04,-2.29846,35.22385,2,0.42,20
evt_1e75403b,ZONE_B04,-2.29171,35.29394,-1,0.47,18
evt_b48bcf73,ZONE_D01,-1.84158,34.67882,-1,0.36,28
evt_fe559979,ZONE_B03,-2.29852,35.04099,0,0.24,17
evt_3ae12e0a,ZONE_B03,-2.28169,35.07466,0,0.43,22
evt_8aac7857,ZONE_D02,-1.73254,34.75337,-1,0.41,38
evt_63f8e23e,ZONE_B04,-2.26877,35.11665,0,0.17,32
evt_330b3ff0,ZONE_A02,-2.31861,34.85264,-1,0.44,22
evt_a168b2b7,ZONE_A04,-2.33598,35.16492,0,0.4,36
evt_1027594b,ZONE_A03,-2.3368,34.99383,3,0.41,28
evt_671d7a35,ZONE_B03,-2.28881,35.02835,0,0.38,25
evt_c407329b,ZONE_B04,-2.2951,35.15144,0,0.32,17
evt_158b06bb,ZONE_A04,-2.32825,35.13146,0,0.34,34
evt_6be25897,ZONE_A03,-2.39711,34.97422,-1,0.35,30
evt_d29236be,ZONE_B04,-2.25909,35.28836,-1,0.24,32
evt_ea324d41,ZONE_A02,-2.39413,34.72204,-1,0.24,25
evt_6d7df4f3,ZONE_A03,-2.30141,35.09839,0,0.53,16
evt_59e2be0e,ZONE_B04,-2.28109,35.12517,0,0.43,30
evt_1711d492,ZONE_A05,-2.30968,35.37175,-1,0.48,17
evt_2c20a2a0,ZONE_D01,-1.8008,34.68956,1,0.28,21
evt_749e8260,ZONE_A03,-2.31262,35.06493,0,0.5,20
evt_48b4cefc,ZONE_A04,-2.30401,35.10965,0,0.5,18
evt_257cf2d4,ZONE_B03,-2.25441,35.09467,0,0.13,31
evt_6dbc625f,ZONE_A04,-2.33105,35.25137,-1,0.34,29
evt_cdc9a34e,ZONE_B04,-2.27869,35.13533,0,0.45,26
evt_30bb3ddc,ZONE_D02,-1.80679,34.76174,1,0.26,33
evt_24bcf28a,ZONE_A05,-2.32046,35.4049,-1,0.34,23
evt_a9e4f646,ZONE_B03,-2.29096,35.06295,0,0.35,21
evt_0f135b6a,ZONE_D02,-1.84791,34.72037,1,0.38,29
evt_72bc038d,ZONE_B04,-2.29843,35.10318,0,0.48,25
evt_9d3aa18b,ZONE_A04,-2.35349,35.13291,0,0.4,34
evt_06d5d4cf,ZONE_C03,-2.04796,35.03529,-1,0.25,35
evt_5ff2c4e2,ZONE_A02,-2.30429,34.86791,-1,0.44,14
evt_c49599ef,ZONE_C01,-1.97694,34.68243,-1,0.27,30
evt_8d178dc6,ZONE_D01,-1.86026,34.6779,-1,0.35,25
evt_b0c69ecc,ZONE_A03,-2.32729,35.09085,0,0.24,27
evt_12016411,ZONE_B04,-2.29505,35.10846,0,0.52,17
evt_a6b35974,ZONE_D02,-1.73299,34.70993,1,0.39,20
evt_6e2f7cd2,ZONE_C03,-2.02843,34.98563,-1,0.36,32
evt_6e1cc843,ZONE_D02,-1.76621,34.7146,1,0.26,21
evt_5f37621f,ZONE_A03,-2.31576,35.05411,0,0.33,21
evt_44b56514,ZONE_D02,-1.84447,34.72936,1,0.42,28
evt_4abf4390,ZONE_B04,-2.27446,35.1189,0,0.35,30
evt_ce6b9844,ZONE_D02,-1.79755,34.72145,1,0.37,25
evt_94568f7b,ZONE_A01,-2.33382,34.66788,-1,0.32,30
evt_12f307d0,ZONE_A05,-2.32163,35.46869,-1,0.32,27
evt_c988b4be,ZONE_B03,-2.23353,35.08642,0,0.26,32
evt_74eec357,ZONE_B03,-2.28035,35.09879,0,0.37,32
evt_1a65db4a,ZONE_A03,-2.31674,35.0839,0,0.2,29
evt_a642e0c0,ZONE_A01,-2.34816,34.54676,-1,0.28,30
evt_d72a02c4,ZONE_B04,-2.27946,35.17058,0,0.43,27
evt_4575fca4,ZONE_D02,-1.81687,34.75007,1,0.36,33
evt_4e521db2,ZONE_A03,-2.30521,34.91334,-1,0.44,23
evt_ab7a857f,ZONE_D02,-1.74518,34.7724,4,0.28,38
evt_0d0a2507,ZONE_B03,-2.28597,35.07085,0,0.33,25
evt_a938696e,ZONE_A01,-2.49672,34.62021,-1,0.35,34
evt_d163dfcd,ZONE_A04,-2.32547,35.10974,0,0.45,34
evt_fe053439,ZONE_A02,-2.34069,34.75205,-1,0.36,36
evt_4917cf5f,ZONE_C02,-2.06635,34.70154,-1,0.46,17
evt_fb54c7fa,ZONE_A04,-2.30913,35.16339,0,0.44,25
evt_2bf8cb3d,ZONE_A03,-2.37182,35.07008,-1,0.39,36
evt_2fe04267,ZONE_A02,-2.34229,34.77165,-1,0.25,31
evt_30b0d794,ZONE_B01,-2.2689,34.6709,-1,0.32,29
evt_1b110603,ZONE_D02,-1.76209,34.71226,1,0.47,27
evt_566f883e,ZONE_E02,-1.69563,34.74935,-1,0.28,31
evt_256b66f3,ZONE_A03,-2.31638,34.90063,-1,0.39,24
evt_a7752192,ZONE_A03,-2.3471,35.02724,0,0.28,31
evt_c8f0c4bf,ZONE_B03,-2.29555,35.09295,0,0.38,12
evt_86fb2348,ZONE_C02,-1.98312,34.73168,-1,0.4,35
evt_f0d261de,ZONE_A04,-2.3161,35.25157,-1,0.43,26
evt_2d9031b8,ZONE_B05,-2.29533,35.35888,-1,0.58,18
evt_7ca05124,ZONE_B01,-2.15986,34.69702,-1,0.44,14
evt_049052cd,ZONE_D02,-1.8657,34.76131,-1,0.23,34
evt_2bcc2d70,ZONE_C02,-1.90478,34.7216,-1,0.47,31
evt_c4527b06,ZONE_A03,-2.30468,35.06401,0,0.43,20
evt_4d9ab32e,ZONE_B03,-2.29281,35.07911,0,0.41,24
evt_55d1dbb0,ZONE_A03,-2.32233,35.08831,0,0.4,28
evt_73f5f9c8,ZONE_D02,-1.81551,34.75277,1,0.14,38
evt_69979a65,ZONE_B03,-2.28674,35.07697,0,0.43,24
evt_da1b4f08,ZONE_B01,-2.27117,34.65589,-1,0.41,34
evt_c46fbe6d,ZONE_B03,-2.29827,35.08088,0,0.51,25
evt_6e2e33ae,ZONE_B04,-2.29843,35.10825,0,0.4,14
evt_61df12fb,ZONE_A03,-2.39575,35.07211,-1,0.36,38
evt_14a4afff,ZONE_B03,-2.29127,35.08238,0,0.45,22
evt_a8ee5090,ZONE_C02,-2.04956,34.76199,-1,0.15,31
evt_312462df,ZONE_B04,-2.2868,35.11509,0,0.47,19
evt_b21de00c,ZONE_D02,-1.81317,34.78501,1,0.36,43
evt_4a6dc85d,ZONE_B03,-2.28235,35.07841,0,0.47,29
evt_31b637d8,ZONE_A02,-2.31016,34.88266,-1,0.47,26
evt_51d6c95b,ZONE_C02,-1.9676,34.70161,-1,0.6,13
evt_4e249eed,ZONE_A03,-2.30417,35.01596,0,0.52,18
evt_7e5f2ac0,ZONE_A04,-2.31335,35.1838,0,0.49,28
evt_0fd19f04,ZONE_A04,-2.32135,35.10079,0,0.44,28
evt_79cb6be7,ZONE_D02,-1.78491,34.71153,1,0.43,23
evt_90e5f935,ZONE_C02,-1.94292,34.71468,-1,0.41,26
evt_28baf9bd,ZONE_A04,-2.31854,35.10103,0,0.46,28
evt_f87e333c,ZONE_B03,-2.29369,35.05077,0,0.46,18
evt_5ebe26d8,ZONE_B03,-2.27757,35.01704,0,0.26,24
evt_caf2db85,ZONE_B05,-2.29728,35.30817,-1,0.25,20
evt_56764a8b,ZONE_D02,-1.80073,34.78549,-1,0.24,46
evt_55ba4b1c,ZONE_D02,-1.80406,34.83664,-1,0.33,38
evt_797ded79,ZONE_B04,-2.17639,35.18799,-1,0.13,38
evt_79e08fde,ZONE_B03,-2.29694,35.01508,0,0.31,21
evt_9d9346dc,ZONE_B03,-2.26251,35.0647,0,0.44,37
evt_0fb52a36,ZONE_B02,-2.29423,34.75744,-1,0.5,20
evt_557671be,ZONE_B02,-2.29092,34.83416,-1,0.51,24
evt_e39cd9db,ZONE_B04,-2.28029,35.24142,-1,0.41,26
evt_75aad70d,ZONE_B02,-2.1408,34.71968,-1,0.37,29
evt_17e73463,ZONE_A04,-2.32101,35.1593,0,0.33,30
evt_9e7b8175,ZONE_B03,-2.29014,34.91653,-1,0.45,23
evt_3ae27ee1,ZONE_E01,-1.66053,34.62336,-1,0.34,31
evt_b44525c0,ZONE_A02,-2.35986,34.71878,-1,0.22,30
evt_7a79983f,ZONE_B03,-2.26836,35.08105,0,0.18,31
evt_696cf627,ZONE_B03,-2.28269,35.06117,0,0.41,24
evt_d50dbc61,ZONE_C01,-2.05056,34.64969,-1,0.37,37
evt_268f7350,ZONE_A03,-2.3061,35.01031,0,0.4,16
evt_ec96e9f1,ZONE_B04,-2.29963,35.11021,0,0.32,9
evt_cebb2f8f,ZONE_A04,-2.3035,35.1055,0,0.28,17
evt_02d62e53,ZONE_A01,-2.34374,34.69002,-1,0.45,21
evt_9e101471,ZONE_A04,-2.30428,35.10261,0,0.48,21
evt_d2613851,ZONE_B03,-2.29845,35.09913,0,0.53,23
evt_6239a29c,ZONE_A04,-2.31452,35.10707,0,0.43,27
evt_e8874aad,ZONE_A04,-2.30904,35.10868,0,0.53,17
evt_2d60e351,ZONE_D02,-1.79643,34.72176,1,0.43,26
evt_85fe7acd,ZONE_C01,-1.98777,34.65732,-1,0.33,31
evt_652ad4f9,ZONE_D02,-1.84567,34.73652,1,0.33,33
evt_96b664bc,ZONE_E01,-1.61247,34.67307,-1,0.32,33
evt_c51047a2,ZONE_B01,-2.27739,34.61916,-1,0.38,31
evt_dbe196f4,ZONE_A03,-2.37544,35.07928,-1,0.26,32
evt_504d084d,ZONE_A03,-2.32296,35.087,0,0.41,31
evt_c811c4ff,ZONE_B03,-2.26228,35.02466,0,0.34,34
evt_06bdeb4b,ZONE_B03,-2.27781,35.06705,0,0.4,26
evt_596001c2,ZONE_B04,-2.28291,35.14473,0,0.44,26
evt_7455f6fe,ZONE_C02,-2.00816,34.7001,-1,0.59,8
evt_0c5ae8b3,ZONE_B03,-2.29782,35.09336,0,0.38,14
evt_3cb1de86,ZONE_B05,-2.25058,35.48118,-1,0.33,30
evt_61fbe645,ZONE_D02,-1.75922,34.71173,1,0.38,19
evt_90ac46d2,ZONE_C02,-2.02648,34.70145,-1,0.35,10
evt_008cd2f1,ZONE_B03,-2.2927,35.09415,0,0.53,19
evt_aa30022c,ZONE_A04,-2.32723,35.16453,0,0.38,26
evt_a17d771b,ZONE_A04,-2.36198,35.16775,-1,0.31,38
evt_ab4ed49a,ZONE_D02,-1.88222,34.72353,-1,0.17,33
evt_417c7a0e,ZONE_A05,-2.31786,35.34938,-1,0.47,31
evt_fee0a7e8,ZONE_B04,-2.27126,35.12451,0,0.34,31
evt_7c6854eb,ZONE_A03,-2.32711,34.97944,3,0.2,30
evt_5eab5bc6,ZONE_A03,-2.36089,35.09849,0,0.33,31
evt_cef58aa9,ZONE_B03,-2.27788,35.04382,0,0.26,30
evt_ef151234,ZONE_A03,-2.32685,35.08846,0,0.35,27
evt_8f69f680,ZONE_B01,-2.2816,34.55806,-1,0.26,25
evt_61fb053e,ZONE_B04,-2.29111,35.13998,0,0.4,22
evt_5dd0304e,ZONE_A04,-2.32538,35.12178,0,0.37,33
evt_5d02ba08,ZONE_E02,-1.55431,34.73211,-1,0.29,30
evt_1a5aec18,ZONE_B04,-2.24282,35.12731,0,0.28,36
evt_d860b950,ZONE_B03,-2.2896,34.97705,0,0.47,22
evt_97f1ded4,ZONE_D02,-1.80784,34.74582,1,0.31,29
evt_023cc6fb,ZONE_A04,-2.32868,35.22011,2,0.29,33
evt_479b5cc9,ZONE_A05,-2.34311,35.35316,-1,0.39,30
evt_aad484f5,ZONE_D02,-1.81261,34.72007,1,0.34,23
evt_0c0dd556,ZONE_C01,-1.98594,34.66712,-1,0.14,28
evt_4661e8cd,ZONE_B03,-2.29126,35.0515,0,0.49,21
evt_29534e61,ZONE_B05,-2.26813,35.31473,-1,0.17,27
evt_f89d596d,ZONE_D02,-1.85685,34.73226,1,0.41,30
evt_489ba7f3,ZONE_C03,-1.96807,34.96759,-1,0.4,33
evt_6a1ef6f2,ZONE_D02,-1.74005,34.74253,-1,0.3,28
evt_4479850e,ZONE_A03,-2.31005,35.00762,0,0.51,22
evt_508b02e8,ZONE_A03,-2.30658,35.07699,0,0.46,18
evt_665c90ae,ZONE_B03,-2.27567,35.04192,0,0.44,33
evt_eae14a2f,ZONE_B01,-2.23496,34.55304,-1,0.3,34
evt_dd7aeec3,ZONE_B04,-2.23572,35.16813,-1,0.39,38
evt_b8c110f9,ZONE_A04,-2.30892,35.11259,0,0.51,19
evt_4ef5da5c,ZONE_B03,-2.2993,35.06502,0,0.47,17
evt_ba8bdbb0,ZONE_A03,-2.32168,35.09094,0,0.42,24
evt_92f568bf,ZONE_B03,-2.25575,34.99409,0,0.41,34
evt_e5e34bab,ZONE_A03,-2.31427,35.07405,0,0.43,26
evt_3f926811,ZONE_D02,-1.82498,34.78049,1,0.19,41
evt_8213d22b,ZONE_D02,-1.76405,34.741,1,0.31,29
evt_0f7ca9b1,ZONE_A04,-2.31304,35.111,0,0.27,23
evt_339bba94,ZONE_B04,-2.28902,35.10986,0,0.31,25
evt_58f23790,ZONE_A03,-2.34969,35.02359,0,0.34,33
evt_b81a080f,ZONE_B03,-2.26744,35.09704,0,0.42,35
evt_15c10831,ZONE_B03,-2.299,35.09857,0,0.55,22
evt_86738e73,ZONE_B03,-2.28297,35.01009,0,0.36,27
evt_2603de98,ZONE_B03,-2.29878,35.06868,0,0.5,12
evt_a7c5dc8f,ZONE_B05,-2.27221,35.3308,-1,0.42,34
evt_9321867b,ZONE_A03,-2.30648,35.02671,0,0.51,21
evt_d8069168,ZONE_D02,-1.82246,34.72251,1,0.22,30
evt_e900a31b,ZONE_D02,-1.792,34.70907,1,0.49,26
evt_1a91d29a,ZONE_B04,-2.29003,35.12782,0,0.52,24
evt_5bba4863,ZONE_B04,-2.28285,35.13663,0,0.36,27
evt_849fce7f,ZONE_B03,-2.29566,35.01626,0,0.49,23
evt_7256087c,ZONE_B01,-2.23301,34.51535,-1,0.31,32
evt_bf13f10b,ZONE_B03,-2.29664,35.06951,0,0.45,14
evt_f1186cc9,ZONE_A02,-2.32309,34.76094,-1,0.29,27
evt_13978054,ZONE_B04,-2.28099,35.10469,0,0.33,24
evt_3878f5aa,ZONE_B03,-2.2464,35.07112,0,0.36,37
evt_97ec0278,ZONE_D02,-1.73835,34.71355,1,0.38,28
evt_0416a615,ZONE_B04,-2.29145,35.14386,0,0.48,18
evt_572ec219,ZONE_D02,-1.72341,34.75932,-1,0.27,34
evt_caac9cca,ZONE_C01,-2.08204,34.67566,-1,0.36,28
evt_769280da,ZONE_A03,-2.32091,34.97652,3,0.43,27
evt_995eb7fe,ZONE_A04,-2.30037,35.14069,0,0.37,16
evt_b64238b5,ZONE_B04,-2.28891,35.11609,0,0.47,20
evt_887b6922,ZONE_E01,-1.65202,34.6742,-1,0.42,26
evt_73f09a57,ZONE_B03,-2.26541,35.03961,0,0.24,28
evt_eb430a72,ZONE_B01,-2.21099,34.65147,-1,0.23,28
evt_511b836b,ZONE_A03,-2.32602,35.06998,0,0.45,28
evt_a2602550,ZONE_D02,-1.79135,34.74001,1,0.3,30
evt_a03929aa,ZONE_B04,-2.28618,35.2895,-1,0.31,28
evt_e39f24e4,ZONE_B04,-2.23496,35.10954,0,0.35,30
evt_c3043568,ZONE_A03,-2.31194,35.08852,0,0.34,22
evt_601c42c7,ZONE_A01,-2.35083,34.57634,-1,0.37,34
evt_c092fdc8,ZONE_D02,-1.73897,34.81509,-1,0.35,38
evt_a38ca4f9,ZONE_B04,-2.24956,35.13778,0,0.32,38
evt_e5eb9ef1,ZONE_A01,-2.32051,34.55145,-1,0.44,25
evt_7580be62,ZONE_A03,-2.30761,35.05816,0,0.43,18
evt_6fef1449,ZONE_B04,-2.29346,35.11006,0,0.44,17
evt_b816e561,ZONE_B04,-2.29487,35.16528,0,0.44,16
evt_0af89336,ZONE_A04,-2.30134,35.1081,0,0.48,18
evt_010f6ebb,ZONE_E02,-1.60116,34.76681,-1,0.34,38
evt_c38ff0cf,ZONE_A03,-2.31684,35.0804,0,0.43,29
evt_f276cc22,ZONE_A04,-2.30266,35.14895,0,0.49,11
evt_b331af26,ZONE_B04,-2.28675,35.10164,0,0.4,24
evt_0610b11a,ZONE_D02,-1.72862,34.7244,1,0.39,26
evt_b2fece2f,ZONE_B05,-2.27847,35.36163,-1,0.25,26
evt_d77cb5e2,ZONE_A04,-2.32172,35.23773,2,0.23,24
evt_eaa874af,ZONE_A03,-2.31501,35.06604,0,0.43,23
evt_84bd996a,ZONE_A04,-2.30779,35.22258,2,0.48,23
evt_4e53e806,ZONE_B03,-2.29084,35.07534,0,0.48,16
evt_fadf739a,ZONE_A03,-2.30744,35.09268,0,0.5,22
evt_016a2f1b,ZONE_B04,-2.28783,35.15526,0,0.49,23
evt_758cae07,ZONE_B04,-2.24882,35.10093,0,0.3,35
evt_b1a62795,ZONE_D02,-1.76978,34.73431,1,0.24,35
evt_52a83369,ZONE_C02,-2.08149,34.71754,-1,0.38,25
evt_47b55824,ZONE_B01,-2.126,34.66655,-1,0.13,28
evt_2357ef61,ZONE_B04,-2.29468,35.10822,0,0.39,18
evt_6d841319,ZONE_B04,-2.28921,35.13482,0,0.4,18
evt_cb6f735e,ZONE_B04,-2.28382,35.12854,0,0.35,27
evt_00360934,ZONE_A03,-2.32013,35.09584,0,0.38,23
evt_1d9577c6,ZONE_A04,-2.31485,35.10454,0,0.44,28
evt_6bfbaba5,ZONE_D01,-1.80386,34.68658,1,0.51,26
evt_7175f5b1,ZONE_A02,-2.39681,34.76539,-1,0.32,36
evt_3d319a1e,ZONE_A03,-2.30202,35.04681,0,0.39,11
evt_f1cf7927,ZONE_B04,-2.29718,35.22456,2,0.52,22
evt_cb026399,ZONE_D02,-1.86176,34.8332,-1,0.25,37
evt_7a8e55e7,ZONE_C02,-2.03064,34.71203,-1,0.49,21
evt_ef761589,ZONE_D01,-1.76811,34.68542,-1,0.37,22
evt_4087cb85,ZONE_A03,-2.33113,35.07999,0,0.42,34
evt_d0222581,ZONE_B03,-2.26404,35.08789,0,0.21,36
evt_a3499f29,ZONE_A03,-2.30654,35.04094,0,0.42,23
evt_ea2bc524,ZONE_E02,-1.69848,34.70575,-1,0.55,20
evt_aa95cc73,ZONE_B03,-2.25858,35.08136,0,0.28,32
evt_6c96d371,ZONE_A03,-2.33806,35.09944,0,0.37,31
evt_b135aaea,ZONE_B02,-2.26762,34.8172,-1,0.41,35
evt_9235b8de,ZONE_B04,-2.28878,35.12919,0,0.32,22
evt_229f3cff,ZONE_B01,-2.21462,34.63695,-1,0.3,33
evt_ca7971cc,ZONE_B03,-2.29555,34.98374,0,0.54,23
evt_63bf7b7f,ZONE_B02,-2.29758,34.74356,-1,0.45,16
evt_8c2ad4fd,ZONE_B04,-2.28557,35.15839,0,0.32,26
evt_1c98e940,ZONE_D02,-1.76407,34.76301,4,0.39,41
evt_ab3c1b55,ZONE_B03,-2.26622,35.00701,0,0.3,29
evt_d05fb728,ZONE_A01,-2.31861,34.67446,-1,0.4,24
evt_99900191,ZONE_B04,-2.27348,35.22714,2,0.38,30
evt_73739386,ZONE_D02,-1.80947,34.72793,1,0.36,35
evt_e8c71df7,ZONE_A05,-2.30554,35.41801,-1,0.46,17
evt_5430ddc0,ZONE_A03,-2.32996,35.0934,0,0.32,32
evt_9d10947b,ZONE_B03,-2.28956,35.02949,0,0.43,23
evt_7452405e,ZONE_E01,-1.62988,34.65646,-1,0.32,34
evt_6fb6487c,ZONE_B03,-2.28711,35.05282,0,0.44,24
evt_4c836d76,ZONE_A04,-2.31497,35.12388,0,0.42,23
evt_a8f58cdd,ZONE_A03,-2.30011,35.07429,0,0.53,14
evt_b8d934ec,ZONE_C03,-1.98202,35.007,-1,0.22,32
evt_d933b6c4,ZONE_B04,-2.23159,35.1571,-1,0.37,44
evt_f0ec0d08,ZONE_A01,-2.39072,34.69171,-1,0.52,21
evt_e63554fc,ZONE_A03,-2.32269,35.09553,0,0.33,30
evt_1097f0c4,ZONE_A04,-2.3395,35.19732,-1,0.3,33
evt_c3b4afd9,ZONE_A01,-2.30197,34.6729,-1,0.41,23
evt_273ad933,ZONE_A01,-2.34636,34.68223,-1,0.33,24
evt_e57156de,ZONE_B04,-2.29476,35.14222,0,0.35,20
evt_1657be7c,ZONE_D02,-1.86528,34.76385,-1,0.22,38
evt_2621b345,ZONE_B04,-2.29989,35.12337,0,0.54,19
evt_cb0eeb0f,ZONE_A05,-2.30468,35.43944,-1,0.53,19
evt_f11bd63f,ZONE_A03,-2.32779,35.03472,0,0.41,31
evt_b58109a2,ZONE_A03,-2.30794,35.04674,0,0.27,21
evt_9904b479,ZONE_B03,-2.28468,35.04086,0,0.46,25
evt_bc967005,ZONE_B05,-2.29738,35.38759,-1,0.53,20
evt_8da7381a,ZONE_A01,-2.46935,34.68432,-1,0.45,22
evt_88ad1dcb,ZONE_A04,-2.31187,35.1198,0,0.31,21
evt_5be83307,ZONE_B02,-2.2175,34.78878,-1,0.41,38
evt_9f640153,ZONE_D02,-1.88514,34.73416,-1,0.34,34
evt_0a6aca7d,ZONE_D02,-1.76793,34.74173,1,0.36,34
evt_80378df4,ZONE_B04,-2.28882,35.11845,0,0.49,21
evt_b839ab45,ZONE_A03,-2.33208,34.97475,3,0.4,27
evt_9cba3be9,ZONE_A03,-2.33742,35.08478,0,0.39,29
evt_f7d8a544,ZONE_B04,-2.28795,35.11239,0,0.42,18
evt_8d0b502e,ZONE_D02,-1.78534,34.74123,1,0.25,32
evt_441ec098,ZONE_B05,-2.20597,35.33696,-1,0.28,32
evt_33539c8f,ZONE_B04,-2.28905,35.14052,0,0.38,20
evt_8f0edcb9,ZONE_C03,-1.98739,34.94757,-1,0.29,37
evt_833b9ee5,ZONE_A03,-2.30283,35.02235,0,0.42,15
evt_bbbe0a35,ZONE_D02,-1.80991,34.72745,1,0.42,30
evt_1b95c977,ZONE_B02,-2.23583,34.71237,-1,0.34,25
evt_0b945056,ZONE_E02,-1.58645,34.73038,-1,0.29,28
evt_b5bfec01,ZONE_B03,-2.29725,34.96609,0,0.59,19
evt_2904cdb6,ZONE_D02,-1.7826,34.70581,1,0.31,17
evt_46f3ceae,ZONE_B03,-2.29158,35.09968,0,0.35,26
evt_0d7c246c,ZONE_B03,-2.25534,35.09975,0,0.36,37
evt_efa727d7,ZONE_B04,-2.28011,35.14651,0,0.44,29
evt_27738231,ZONE_B04,-2.29932,35.12756,0,0.52,15
evt_96e3c853,ZONE_B04,-2.21174,35.17995,-1,0.41,52
evt_96626fb1,ZONE_B03,-2.25603,35.0521,0,0.32,29
evt_7215f535,ZONE_B03,-2.29116,35.07355,0,0.46,18
evt_50c35e7b,ZONE_B03,-2.28545,34.98092,0,0.44,26
evt_c3ee864f,ZONE_B01,-2.24861,34.69429,-1,0.33,16
evt_eb650966,ZONE_A03,-2.3065,35.09338,0,0.35,22
evt_eb7e0b95,ZONE_B04,-2.28396,35.21651,2,0.39,22
evt_4479787e,ZONE_B03,-2.28231,35.09103,0,0.38,29
evt_b805bb0a,ZONE_D02,-1.78523,34.72636,1,0.28,30
evt_5137631f,ZONE_A03,-2.32498,35.03998,0,0.44,32
evt_1bb55e86,ZONE_B03,-2.28813,35.0407,0,0.37,24
evt_2b88b309,ZONE_B04,-2.28633,35.10382,0,0.44,24
evt_500a8195,ZONE_E02,-1.57231,34.72177,-1,0.32,24
evt_b115eec2,ZONE_B04,-2.28964,35.15908,0,0.5,25
evt_9d375496,ZONE_A05,-2.32509,35.38269,-1,0.41,31
evt_7b858caa,ZONE_A03,-2.31358,35.06856,0,0.35,28
evt_005b0a07,ZONE_A01,-2.38003,34.65886,-1,0.28,32
evt_b67229a2,ZONE_B04,-2.28653,35.1539,0,0.48,21
evt_db512883,ZONE_C03,-1.97375,35.00482,-1,0.2,36
evt_82dfdfe3,ZONE_B01,-2.18932,34.69261,-1,0.44,17
evt_8d9a92df,ZONE_B03,-2.29181,35.0998,0,0.27,26
evt_659647e9,ZONE_B04,-2.27991,35.19372,-1,0.42,30
evt_1879b241,ZONE_C02,-1.90527,34.71615,-1,0.41,29
evt_97218bc9,ZONE_A03,-2.34705,35.0807,0,0.37,31
evt_e2f97209,ZONE_A03,-2.31168,35.08972,0,0.32,19
evt_9515afab,ZONE_A04,-2.30028,35.25673,-1,0.53,16
evt_76b43d70,ZONE_D02,-1.78101,34.77964,-1,0.3,47
evt_5a6ce13d,ZONE_C02,-1.93141,34.71819,-1,0.44,27
evt_a8248dce,ZONE_C02,-2.01587,34.71261,-1,0.43,20
evt_4fb91a29,ZONE_B03,-2.27851,34.97192,0,0.38,28
evt_5a7e0daf,ZONE_A04,-2.31395,35.1054,0,0.32,28
evt_a499415e,ZONE_C03,-2.01346,35.0556,-1,0.23,33
evt_25fe7058,ZONE_D02,-1.86489,34.73502,1,0.43,33
evt_64480a6f,ZONE_A03,-2.30833,35.09617,0,0.5,17
